Perl,,"Definitely lost",,"Indirectly lost",,"Possibly lost",,"Still reachable",,Suppressed,,"ERROR SUMMARY",,,
version,Config,bytes,blocks,bytes,blocks,bytes,blocks,bytes,blocks,bytes,blocks,errors,contexts,suppressed,from
5.006,x86_64-linux,0,0,0,0,79584,80,10032,11,0,0,42,42,0,0
5.006001,x86_64-linux-perlio,-,-,-,-,-,-,-,-,-,-,0,0,0,0
5.006001,x86_64-linux-thread-multi-ld-perlio,-,-,-,-,-,-,-,-,-,-,0,0,0,0
5.006002,x86_64-linux-perlio,-,-,-,-,-,-,-,-,-,-,0,0,0,0
5.006002,x86_64-linux-thread-multi-ld-perlio,-,-,-,-,-,-,-,-,-,-,0,0,0,0
5.008,x86_64-linux,0,0,0,0,0,0,1408,4,0,0,0,0,0,0
5.008,x86_64-linux-thread-multi-ld,45,5,0,0,0,0,1518,5,0,0,1,1,0,0
5.008001,x86_64-linux,335,9,0,0,0,0,1432,4,0,0,2,2,0,0
5.008001,x86_64-linux-thread-multi-ld,353,9,0,0,0,0,1518,5,0,0,2,2,0,0
5.008002,x86_64-linux,335,9,0,0,0,0,1432,4,0,0,2,2,0,0
5.008002,x86_64-linux-thread-multi-ld,353,9,0,0,0,0,1518,5,0,0,2,2,0,0
5.008003,x86_64-linux,195,5,0,0,0,0,1432,4,0,0,1,1,0,0
5.008003,x86_64-linux-thread-multi-ld,205,5,0,0,0,0,1518,5,0,0,1,1,0,0
5.008004,x86_64-linux,195,5,0,0,0,0,1432,4,0,0,1,1,0,0
5.008004,x86_64-linux-thread-multi-ld,205,5,0,0,0,0,1518,5,0,0,1,1,0,0
5.008005,x86_64-linux,195,5,0,0,0,0,1432,4,0,0,1,1,0,0
5.008005,x86_64-linux-thread-multi-ld,205,5,0,0,0,0,1518,5,0,0,1,1,0,0
5.008006,x86_64-linux,195,5,0,0,0,0,1432,4,0,0,1,1,0,0
5.008006,x86_64-linux-thread-multi-ld,205,5,0,0,0,0,1518,5,0,0,1,1,0,0
5.008007,x86_64-linux,195,5,0,0,0,0,1432,4,0,0,1,1,0,0
5.008007,x86_64-linux-thread-multi-ld,205,5,0,0,0,0,1518,5,0,0,1,1,0,0
5.008008,x86_64-linux,545,46,0,0,0,0,1432,4,0,0,20,20,0,0
5.008008,x86_64-linux-thread-multi-ld,555,46,0,0,0,0,1518,5,0,0,20,20,0,0
5.008009,x86_64-linux,323,38,0,0,0,0,1432,4,0,0,17,17,0,0
5.008009,x86_64-linux-thread-multi-ld,323,38,0,0,0,0,1518,5,0,0,17,17,0,0
5.010000,x86_64-linux,0,0,0,0,0,0,1411,4,0,0,0,0,0,0
5.010000,x86_64-linux-thread-multi-ld,160,1,0,0,0,0,1497,5,0,0,1,1,0,0
5.010001,x86_64-linux,0,0,0,0,0,0,1459,4,0,0,0,0,0,0
5.010001,x86_64-linux-thread-multi-ld,160,1,0,0,0,0,1545,5,0,0,1,1,0,0
5.011000,x86_64-linux,0,0,0,0,0,0,1459,4,0,0,0,0,0,0
5.011000,x86_64-linux-thread-multi-ld,160,1,0,0,0,0,1545,5,0,0,1,1,0,0
5.011001,x86_64-linux,0,0,0,0,0,0,1459,4,0,0,0,0,0,0
5.011001,x86_64-linux-thread-multi-ld,160,1,0,0,0,0,1545,5,0,0,1,1,0,0
5.011002,x86_64-linux,0,0,0,0,0,0,1843,5,0,0,0,0,0,0
5.011002,x86_64-linux-thread-multi-ld,416,1,160,1,0,0,1545,5,0,0,1,1,0,0
5.011003,x86_64-linux,0,0,0,0,0,0,1459,4,0,0,0,0,0,0
5.011003,x86_64-linux-thread-multi-ld,160,1,0,0,0,0,1545,5,0,0,1,1,0,0
5.011004,x86_64-linux,0,0,0,0,0,0,1459,4,0,0,0,0,0,0
5.011004,x86_64-linux-thread-multi-ld,160,1,0,0,0,0,1545,5,0,0,1,1,0,0
5.011005,x86_64-linux,0,0,0,0,0,0,1459,4,0,0,0,0,0,0
5.011005,x86_64-linux-thread-multi-ld,160,1,0,0,0,0,1545,5,0,0,1,1,0,0
5.012000,x86_64-linux,0,0,0,0,0,0,1459,4,0,0,0,0,0,0
5.012000,x86_64-linux-thread-multi-ld,160,1,0,0,0,0,1545,5,0,0,1,1,0,0
5.012001,x86_64-linux,0,0,0,0,0,0,1459,4,0,0,0,0,0,0
5.012001,x86_64-linux-thread-multi-ld,160,1,0,0,0,0,1545,5,0,0,1,1,0,0
5.012002,x86_64-linux,0,0,0,0,0,0,1459,4,0,0,0,0,0,0
5.012002,x86_64-linux-thread-multi-ld,160,1,0,0,0,0,1545,5,0,0,1,1,0,0
5.012003,x86_64-linux,0,0,0,0,0,0,1459,4,0,0,0,0,0,0
5.012003,x86_64-linux-thread-multi-ld,160,1,0,0,0,0,1545,5,0,0,1,1,0,0
5.012004,x86_64-linux,0,0,0,0,0,0,1459,4,0,0,0,0,0,0
5.012004,x86_64-linux-thread-multi-ld,160,1,0,0,0,0,1545,5,0,0,1,1,0,0
5.012005,x86_64-linux,0,0,0,0,0,0,1459,4,0,0,0,0,0,0
5.012005,x86_64-linux-thread-multi-ld,160,1,0,0,0,0,1545,5,0,0,1,1,0,0
5.013000,x86_64-linux,0,0,0,0,0,0,1459,4,0,0,0,0,0,0
5.013000,x86_64-linux-thread-multi-ld,160,1,0,0,0,0,1545,5,0,0,1,1,0,0
5.013001,x86_64-linux,0,0,0,0,0,0,1459,4,0,0,0,0,0,0
5.013001,x86_64-linux-thread-multi-ld,160,1,0,0,0,0,1545,5,0,0,1,1,0,0
5.013002,x86_64-linux,0,0,0,0,0,0,1459,4,0,0,0,0,0,0
5.013002,x86_64-linux-thread-multi-ld,160,1,0,0,0,0,1545,5,0,0,1,1,0,0
5.013003,x86_64-linux,0,0,0,0,0,0,1459,4,0,0,0,0,0,0
5.013003,x86_64-linux-thread-multi-ld,160,1,0,0,0,0,1545,5,0,0,1,1,0,0
5.013004,x86_64-linux,0,0,0,0,0,0,1459,4,0,0,0,0,0,0
5.013004,x86_64-linux-thread-multi-ld,160,1,0,0,0,0,1545,5,0,0,1,1,0,0
5.013005,x86_64-linux,0,0,0,0,0,0,1459,4,0,0,0,0,0,0
5.013005,x86_64-linux-thread-multi-ld,0,0,0,0,0,0,1545,5,0,0,0,0,0,0
5.013006,x86_64-linux,0,0,0,0,0,0,1459,4,0,0,0,0,0,0
5.013006,x86_64-linux-thread-multi-ld,0,0,0,0,0,0,1545,5,0,0,0,0,0,0
5.013007,x86_64-linux,4592,22,0,0,0,0,1459,4,0,0,4,4,0,0
5.013007,x86_64-linux-thread-multi-ld,1096,1,4200,21,0,0,1545,5,0,0,1,1,0,0
5.013008,x86_64-linux,0,0,0,0,0,0,1459,4,0,0,0,0,0,0
5.013008,x86_64-linux-thread-multi-ld,0,0,0,0,0,0,1545,5,0,0,0,0,0,0
5.013009,x86_64-linux,0,0,0,0,0,0,1459,4,0,0,0,0,0,0
5.013009,x86_64-linux-thread-multi-ld,0,0,0,0,0,0,1545,5,0,0,0,0,0,0
5.013010,x86_64-linux,0,0,0,0,0,0,1462,4,0,0,0,0,0,0
5.013010,x86_64-linux-thread-multi-ld,0,0,0,0,0,0,1548,5,0,0,0,0,0,0
5.013011,x86_64-linux,0,0,0,0,0,0,1462,4,0,0,0,0,0,0
5.013011,x86_64-linux-thread-multi-ld,0,0,0,0,0,0,1548,5,0,0,0,0,0,0
5.014000,x86_64-linux,0,0,0,0,0,0,1459,4,0,0,0,0,0,0
5.014000,x86_64-linux-thread-multi-ld,0,0,0,0,0,0,1545,5,0,0,0,0,0,0
5.014001,x86_64-linux,0,0,0,0,0,0,1459,4,0,0,0,0,0,0
5.014001,x86_64-linux-thread-multi-ld,0,0,0,0,0,0,1545,5,0,0,0,0,0,0
5.014002,x86_64-linux,0,0,0,0,0,0,1459,4,0,0,0,0,0,0
5.014002,x86_64-linux-thread-multi-ld,0,0,0,0,0,0,1545,5,0,0,0,0,0,0
5.014003,x86_64-linux,0,0,0,0,0,0,1459,4,0,0,0,0,0,0
5.014003,x86_64-linux-thread-multi-ld,0,0,0,0,0,0,1545,5,0,0,0,0,0,0
5.014004,x86_64-linux,0,0,0,0,0,0,1459,4,0,0,0,0,0,0
5.014004,x86_64-linux-thread-multi-ld,0,0,0,0,0,0,1545,5,0,0,0,0,0,0
5.015000,x86_64-linux,0,0,0,0,0,0,1459,4,0,0,0,0,0,0
5.015000,x86_64-linux-thread-multi-ld,0,0,0,0,0,0,1545,5,0,0,0,0,0,0
5.015001,x86_64-linux,0,0,0,0,0,0,1459,4,0,0,0,0,0,0
5.015001,x86_64-linux-thread-multi-ld,0,0,0,0,0,0,1545,5,0,0,0,0,0,0
5.015002,x86_64-linux,0,0,0,0,0,0,1459,4,0,0,0,0,0,0
5.015002,x86_64-linux-thread-multi-ld,0,0,0,0,0,0,1545,5,0,0,0,0,0,0
5.015003,x86_64-linux,0,0,0,0,0,0,1459,4,0,0,0,0,0,0
5.015003,x86_64-linux-thread-multi-ld,0,0,0,0,0,0,1545,5,0,0,0,0,0,0
5.015004,x86_64-linux,0,0,0,0,0,0,1459,4,0,0,0,0,0,0
5.015004,x86_64-linux-thread-multi-ld,0,0,0,0,0,0,1545,5,0,0,0,0,0,0
5.015005,x86_64-linux,0,0,0,0,0,0,1459,4,0,0,0,0,0,0
5.015005,x86_64-linux-thread-multi-ld,0,0,0,0,0,0,1545,5,0,0,0,0,0,0
5.015006,x86_64-linux,0,0,0,0,0,0,1459,4,0,0,0,0,0,0
5.015006,x86_64-linux-thread-multi-ld,0,0,0,0,0,0,1545,5,0,0,0,0,0,0
5.015007,x86_64-linux,0,0,0,0,0,0,1459,4,0,0,0,0,0,0
5.015007,x86_64-linux-thread-multi-ld,0,0,0,0,0,0,1545,5,0,0,0,0,0,0
5.015008,x86_64-linux,0,0,0,0,0,0,1459,4,0,0,0,0,0,0
5.015008,x86_64-linux-thread-multi-ld,0,0,0,0,0,0,1545,5,0,0,0,0,0,0
5.015009,x86_64-linux,0,0,0,0,0,0,1459,4,0,0,0,0,0,0
5.015009,x86_64-linux-thread-multi-ld,0,0,0,0,0,0,1545,5,0,0,0,0,0,0
5.016000,x86_64-linux,48,1,0,0,0,0,1459,4,0,0,1,1,0,0
5.016000,x86_64-linux-thread-multi-ld,48,1,0,0,0,0,1545,5,0,0,1,1,0,0
5.016001,x86_64-linux,48,1,0,0,0,0,1459,4,0,0,1,1,0,0
5.016001,x86_64-linux-thread-multi-ld,48,1,0,0,0,0,1545,5,0,0,1,1,0,0
5.016002,x86_64-linux,48,1,0,0,0,0,1459,4,0,0,1,1,0,0
5.016002,x86_64-linux-thread-multi-ld,48,1,0,0,0,0,1545,5,0,0,1,1,0,0
5.016003,x86_64-linux,48,1,0,0,0,0,1459,4,0,0,1,1,0,0
5.016003,x86_64-linux-thread-multi-ld,48,1,0,0,0,0,1545,5,0,0,1,1,0,0
5.017000,x86_64-linux,48,1,0,0,0,0,1459,4,0,0,1,1,0,0
5.017000,x86_64-linux-thread-multi-ld,48,1,0,0,0,0,1545,5,0,0,1,1,0,0
5.017001,x86_64-linux,48,1,0,0,0,0,1459,4,0,0,1,1,0,0
5.017001,x86_64-linux-thread-multi-ld,48,1,0,0,0,0,1545,5,0,0,1,1,0,0
5.017002,x86_64-linux,512,1,31744,5,0,0,1459,4,0,0,1,1,0,0
5.017002,x86_64-linux-thread-multi-ld,512,1,31744,5,0,0,1545,5,0,0,1,1,0,0
5.017003,x86_64-linux,512,1,31744,5,0,0,1459,4,0,0,1,1,0,0
5.017003,x86_64-linux-thread-multi-ld,512,1,31744,5,0,0,1545,5,0,0,1,1,0,0
5.017004,x86_64-linux,512,1,31744,5,0,0,1459,4,0,0,1,1,0,0
5.017004,x86_64-linux-thread-multi-ld,512,1,31744,5,0,0,1545,5,0,0,1,1,0,0
5.017005,x86_64-linux,512,1,31744,5,0,0,1459,4,0,0,1,1,0,0
5.017005,x86_64-linux-thread-multi-ld,512,1,31744,5,0,0,1545,5,0,0,1,1,0,0
5.017006,x86_64-linux,0,0,0,0,0,0,1459,4,0,0,0,0,0,0
5.017006,x86_64-linux-thread-multi-ld,0,0,0,0,0,0,1545,5,0,0,0,0,0,0
5.017007,x86_64-linux,0,0,0,0,0,0,1459,4,0,0,0,0,0,0
5.017007,x86_64-linux-thread-multi-ld,0,0,0,0,0,0,1545,5,0,0,0,0,0,0
5.017008,x86_64-linux,0,0,0,0,0,0,1459,4,0,0,0,0,0,0
5.017008,x86_64-linux-thread-multi-ld,0,0,0,0,0,0,1545,5,0,0,0,0,0,0
5.017009,x86_64-linux,0,0,0,0,0,0,1459,4,0,0,0,0,0,0
5.017009,x86_64-linux-thread-multi-ld,0,0,0,0,0,0,1545,5,0,0,0,0,0,0
5.017010,x86_64-linux,0,0,0,0,0,0,1462,4,0,0,0,0,0,0
5.017010,x86_64-linux-thread-multi-ld,0,0,0,0,0,0,1548,5,0,0,0,0,0,0
5.017011,x86_64-linux,0,0,0,0,0,0,1462,4,0,0,0,0,0,0
5.017011,x86_64-linux-thread-multi-ld,0,0,0,0,0,0,1548,5,0,0,0,0,0,0
5.018000,x86_64-linux,0,0,0,0,0,0,1459,4,0,0,0,0,0,0
5.018000,x86_64-linux-thread-multi-ld,0,0,0,0,0,0,1545,5,0,0,0,0,0,0
5.018001,x86_64-linux,0,0,0,0,0,0,1459,4,0,0,0,0,0,0
5.018001,x86_64-linux-thread-multi-ld,0,0,0,0,0,0,1545,5,0,0,0,0,0,0
5.018002,x86_64-linux,0,0,0,0,0,0,7343,20,0,0,0,0,0,0
5.018002,x86_64-linux-thread-multi-ld,107,1,856,8,0,0,7591,21,0,0,1,1,0,0
5.018003,x86_64-linux,0,0,0,0,0,0,7343,20,0,0,0,0,0,0
5.018003,x86_64-linux-thread-multi-ld,107,1,856,8,0,0,7591,21,0,0,1,1,0,0
5.018004,x86_64-linux,0,0,0,0,0,0,7343,20,0,0,0,0,0,0
5.018004,x86_64-linux-thread-multi-ld,107,1,856,8,0,0,7591,21,0,0,1,1,0,0
5.019000,x86_64-linux,0,0,0,0,0,0,7343,20,0,0,0,0,0,0
5.019000,x86_64-linux-thread-multi-ld,107,1,856,8,0,0,7591,21,0,0,1,1,0,0
5.019001,x86_64-linux,0,0,0,0,0,0,7343,20,0,0,0,0,0,0
5.019001,x86_64-linux-thread-multi-ld,107,1,856,8,0,0,7591,21,0,0,1,1,0,0
5.019002,x86_64-linux,0,0,0,0,0,0,7343,20,0,0,0,0,0,0
5.019002,x86_64-linux-thread-multi-ld,107,1,856,8,0,0,7591,21,0,0,1,1,0,0
5.019003,x86_64-linux,0,0,0,0,0,0,7343,20,0,0,0,0,0,0
5.019003,x86_64-linux-thread-multi-ld,107,1,856,8,0,0,7591,21,0,0,1,1,0,0
5.019004,x86_64-linux,0,0,0,0,0,0,7343,20,0,0,0,0,0,0
5.019004,x86_64-linux-thread-multi-ld,107,1,856,8,0,0,7591,21,0,0,1,1,0,0
5.019005,x86_64-linux,0,0,0,0,0,0,7343,20,0,0,0,0,0,0
5.019005,x86_64-linux-thread-multi-ld,107,1,856,8,0,0,7591,21,0,0,1,1,0,0
5.019006,x86_64-linux,0,0,0,0,0,0,7343,20,0,0,0,0,0,0
5.019006,x86_64-linux-thread-multi-ld,107,1,856,8,0,0,7591,21,0,0,1,1,0,0
5.019007,x86_64-linux,0,0,0,0,0,0,7343,20,0,0,0,0,0,0
5.019007,x86_64-linux-thread-multi-ld,107,1,856,8,0,0,7591,21,0,0,1,1,0,0
5.019008,x86_64-linux,0,0,0,0,0,0,7343,20,0,0,0,0,0,0
5.019008,x86_64-linux-thread-multi-ld,107,1,856,8,0,0,7591,21,0,0,1,1,0,0
5.019009,x86_64-linux,0,0,0,0,0,0,7343,20,0,0,194,5,0,0
5.019009,x86_64-linux-thread-multi-ld,107,1,856,8,0,0,7591,21,0,0,195,6,0,0
5.019010,x86_64-linux,0,0,0,0,0,0,1462,4,0,0,0,0,0,0
5.019010,x86_64-linux-thread-multi-ld,0,0,0,0,0,0,1548,5,0,0,0,0,0,0
5.019011,x86_64-linux,0,0,0,0,0,0,7355,20,0,0,0,0,0,0
5.019011,x86_64-linux-thread-multi-ld,108,1,864,8,0,0,7603,21,0,0,1,1,0,0
5.020000,x86_64-linux,0,0,0,0,0,0,7343,20,0,0,0,0,0,0
5.020000,x86_64-linux-thread-multi-ld,107,1,856,8,0,0,7591,21,0,0,1,1,0,0
5.020001,x86_64-linux,0,0,0,0,0,0,7343,20,0,0,0,0,0,0
5.020001,x86_64-linux-thread-multi-ld,107,1,856,8,0,0,7591,21,0,0,1,1,0,0
5.020002,x86_64-linux,0,0,0,0,0,0,7343,20,0,0,0,0,0,0
5.020002,x86_64-linux-thread-multi-ld,107,1,856,8,0,0,7591,21,0,0,1,1,0,0
5.020003,x86_64-linux,0,0,0,0,0,0,7375,21,0,0,0,0,0,0
5.020003,x86_64-linux-thread-multi-ld,107,1,856,8,0,0,7591,21,0,0,1,1,0,0
5.021000,x86_64-linux,0,0,0,0,0,0,7343,20,0,0,0,0,0,0
5.021000,x86_64-linux-thread-multi-ld,107,1,856,8,0,0,7591,21,0,0,1,1,0,0
5.021001,x86_64-linux,0,0,0,0,0,0,7343,20,0,0,0,0,0,0
5.021001,x86_64-linux-thread-multi-ld,107,1,856,8,0,0,7591,21,0,0,1,1,0,0
5.021002,x86_64-linux,0,0,0,0,0,0,7415,20,0,0,0,0,0,0
5.021002,x86_64-linux-thread-multi-ld,107,1,856,8,0,0,7663,21,0,0,1,1,0,0
5.021003,x86_64-linux,0,0,0,0,0,0,7415,20,0,0,0,0,0,0
5.021003,x86_64-linux-thread-multi-ld,107,1,856,8,0,0,7663,21,0,0,1,1,0,0
5.021004,x86_64-linux,0,0,0,0,0,0,7415,20,0,0,0,0,0,0
5.021004,x86_64-linux-thread-multi-ld,107,1,856,8,0,0,7663,21,0,0,1,1,0,0
5.021005,x86_64-linux,0,0,0,0,0,0,7415,20,0,0,0,0,0,0
5.021005,x86_64-linux-thread-multi-ld,107,1,856,8,0,0,7663,21,0,0,1,1,0,0
5.021006,x86_64-linux,0,0,0,0,0,0,7415,20,0,0,0,0,0,0
5.021006,x86_64-linux-thread-multi-ld,107,1,856,8,0,0,7663,21,0,0,1,1,0,0
5.021007,x86_64-linux,76800,150,1699840,454,0,0,7447,21,0,0,13,13,0,0
5.021007,x86_64-linux-thread-multi-ld,76907,151,1700696,462,0,0,7663,21,0,0,14,14,0,0
5.021008,x86_64-linux,76800,150,1699840,454,0,0,7447,21,0,0,13,13,0,0
5.021008,x86_64-linux-thread-multi-ld,76907,151,1700696,462,0,0,7663,21,0,0,14,14,0,0
5.021009,x86_64-linux,76800,150,1699840,454,0,0,7447,21,0,0,13,13,0,0
5.021009,x86_64-linux-thread-multi-ld,76907,151,1700696,462,0,0,7663,21,0,0,14,14,0,0
5.021010,x86_64-linux,0,0,0,0,0,0,7459,21,0,0,0,0,0,0
5.021010,x86_64-linux-thread-multi-ld,108,1,864,8,0,0,7675,21,0,0,1,1,0,0
5.021011,x86_64-linux,0,0,0,0,0,0,7459,21,0,0,0,0,0,0
5.021011,x86_64-linux-thread-multi-ld,108,1,864,8,0,0,7675,21,0,0,1,1,0,0
5.022000,x86_64-linux,0,0,0,0,0,0,7447,21,0,0,0,0,0,0
5.022000,x86_64-linux-thread-multi-ld,107,1,856,8,0,0,7663,21,0,0,1,1,0,0
5.022001,x86_64-linux,0,0,0,0,1448,21,61758,543,0,0,21,21,0,0
5.022001,x86_64-linux-thread-multi-ld,107,1,856,8,1448,21,61974,543,0,0,22,22,0,0
5.022002,x86_64-linux,0,0,0,0,0,0,7447,21,0,0,0,0,0,0
5.022002,x86_64-linux-thread-multi-ld,107,1,856,8,0,0,7663,21,0,0,1,1,0,0
5.022003,x86_64-linux,0,0,0,0,0,0,7447,21,0,0,0,0,0,0
5.022003,x86_64-linux-thread-multi-ld,107,1,856,8,0,0,7663,21,0,0,1,1,0,0
5.023000,x86_64-linux,0,0,0,0,0,0,7447,21,0,0,0,0,0,0
5.023000,x86_64-linux-thread-multi-ld,107,1,856,8,0,0,7663,21,0,0,1,1,0,0
5.023001,x86_64-linux,0,0,0,0,0,0,7447,21,0,0,0,0,0,0
5.023001,x86_64-linux-thread-multi-ld,107,1,856,8,0,0,7663,21,0,0,1,1,0,0
5.023002,x86_64-linux,0,0,0,0,0,0,7447,21,0,0,0,0,0,0
5.023002,x86_64-linux-thread-multi-ld,107,1,856,8,0,0,7663,21,0,0,1,1,0,0
5.023003,x86_64-linux,0,0,0,0,0,0,7447,21,0,0,0,0,0,0
5.023003,x86_64-linux-thread-multi-ld,107,1,856,8,0,0,7663,21,0,0,1,1,0,0
5.023004,x86_64-linux,0,0,0,0,0,0,7447,21,0,0,0,0,0,0
5.023004,x86_64-linux-thread-multi-ld,107,1,856,8,0,0,7663,21,0,0,1,1,0,0
5.023005,x86_64-linux,0,0,0,0,1448,21,61830,543,0,0,21,21,0,0
5.023005,x86_64-linux-thread-multi-ld,107,1,856,8,1448,21,62046,543,0,0,22,22,0,0
5.023006,x86_64-linux,0,0,0,0,1448,21,61830,543,0,0,21,21,0,0
5.023006,x86_64-linux-thread-multi-ld,107,1,856,8,1448,21,62046,543,0,0,22,22,0,0
5.023007,x86_64-linux,0,0,0,0,0,0,7447,21,0,0,0,0,0,0
5.023007,x86_64-linux-thread-multi-ld,107,1,856,8,0,0,7663,21,0,0,1,1,0,0
5.023008,x86_64-linux,0,0,0,0,0,0,7447,21,0,0,0,0,0,0
5.023008,x86_64-linux-thread-multi-ld,107,1,856,8,0,0,7663,21,0,0,1,1,0,0
5.023009,x86_64-linux,0,0,0,0,0,0,7447,21,0,0,0,0,0,0
5.023009,x86_64-linux-thread-multi-ld,107,1,856,8,0,0,7663,21,0,0,1,1,0,0
5.024000,x86_64-linux,0,0,0,0,0,0,7447,21,0,0,0,0,0,0
5.024000,x86_64-linux-thread-multi-ld,107,1,856,8,0,0,7663,21,0,0,1,1,0,0
5.024001,x86_64-linux,0,0,0,0,0,0,7447,21,0,0,0,0,0,0
5.024001,x86_64-linux-thread-multi-ld,107,1,856,8,0,0,7663,21,0,0,1,1,0,0
5.025000,x86_64-linux,0,0,0,0,0,0,7447,21,0,0,0,0,0,0
5.025000,x86_64-linux-thread-multi-ld,107,1,856,8,0,0,7663,21,0,0,1,1,0,0
5.025001,x86_64-linux,0,0,0,0,0,0,7447,21,0,0,0,0,0,0
5.025001,x86_64-linux-thread-multi-ld,107,1,856,8,0,0,7663,21,0,0,1,1,0,0
5.025002,x86_64-linux,0,0,0,0,0,0,7447,21,0,0,0,0,0,0
5.025002,x86_64-linux-thread-multi-ld,107,1,856,8,0,0,7663,21,0,0,1,1,0,0
5.025003,x86_64-linux,0,0,0,0,0,0,7447,21,0,0,0,0,0,0
5.025003,x86_64-linux-thread-multi-ld,107,1,856,8,0,0,7663,21,0,0,1,1,0,0
5.024000,x86_64-linux-thread-multi,20652,19,1187876,4715,0,0,1536,5,0,0,19,19,0,0
5.024000,x86_64-linux-thread-multi-ld,94662,43,69850,33,18200289,62002,13601,37,0,0,2386,2386,0,0
